created_date_time,content
1500589884691,"{""status"":{""mode"":""off"",""source"":""physical""}}"
1500589884746,"{""status"":{""heating_setpoint"":62,""source"":""physical""}}"
1500589884797,"{""status"":{""cooling_setpoint"":74,""source"":""physical""}}"
1500589884868,"{""status"":{""room_temp"":74}}"
1500589884936,"{""status"":{""operating_state"":""Off""}}"
1500589913454,"{""status"":{""mode"":""cool"",""source"":""cloud"",""agent_id"":81,""hold_until"":""2017-07-21T02:31:53.438Z""}}"
1500589913566,"{""status"":{""cooling_setpoint"":65,""source"":""cloud"",""agent_id"":81,""hold_until"":""2017-07-21T02:31:53.556Z""}}"
1500589913681,"{""status"":{""fan"":""on"",""source"":""cloud"",""agent_id"":81,""hold_until"":""2017-07-21T02:31:53.671Z""}}"
1500589960527,"{""status"":{""mode"":""off"",""source"":""cloud"",""agent_id"":81,""hold_until"":""2017-07-21T02:32:40.518Z""}}"
1500589960627,"{""status"":{""fan"":""on"",""source"":""cloud"",""agent_id"":81,""hold_until"":""2017-07-21T02:32:40.620Z""}}"
1500590001724,"{""status"":{""fan"":""auto"",""source"":""physical"",""hold_until"":""2017-07-21T02:33:21.718Z""}}"
1521800623578,"{""status"":{""mode"":""off"",""source"":""physical""}}"
1521800628886,"{""status"":{""heating_setpoint"":70,""source"":""physical""}}"
1521800628980,"{""status"":{""cooling_setpoint"":78,""source"":""physical""}}"
1521800629076,"{""status"":{""room_temp"":78.5}}"
1521800629204,"{""status"":{""operating_state"":""Off""}}"
1521800680132,"{""status"":{""room_temp"":79}}"
1521801017664,"{""status"":{""mode"":""cool"",""source"":""cloud"",""agent_id"":7665,""hold_until"":""2018-03-23T14:30:17.647Z""}}"
1521801042156,"{""status"":{""mode"":""cool"",""source"":""cloud"",""agent_id"":7665,""hold_until"":""2018-03-23T14:30:42.147Z""}}"
1521801042264,"{""status"":{""heating_setpoint"":70,""source"":""cloud"",""agent_id"":7665,""hold_until"":""2018-03-23T14:30:42.258Z""}}"
1521801042437,"{""status"":{""cooling_setpoint"":78,""source"":""cloud"",""agent_id"":7665,""hold_until"":""2018-03-23T14:30:42.431Z""}}"
1521801042531,"{""status"":{""fan"":""auto"",""source"":""physical"",""hold_until"":""2018-03-23T14:30:42.525Z""}}"
1521801156975,"{""status"":{""mode"":""heat"",""source"":""cloud"",""agent_id"":7665,""hold_until"":""2018-03-23T14:32:36.969Z""}}"
1521802409153,"{""status"":{""room_temp"":78}}"
1521803045645,"{""status"":{""room_temp"":78}}"
1521803045759,"{""status"":{""operating_state"":""Off""}}"
1521806647728,"{""status"":{""room_temp"":77.5}}"
1521806647949,"{""status"":{""operating_state"":""Off""}}"
1521810249563,"{""status"":{""room_temp"":78}}"
1521810249832,"{""status"":{""operating_state"":""Off""}}"
1521812032266,"{""status"":{""room_temp"":79}}"
1521813851398,"{""status"":{""room_temp"":79.5}}"
1521813851527,"{""status"":{""operating_state"":""Off""}}"
1521815573301,"{""status"":{""room_temp"":80}}"
1521817453301,"{""status"":{""room_temp"":80}}"
1521817453414,"{""status"":{""operating_state"":""Off""}}"
1521819261782,"{""status"":{""room_temp"":79.5}}"
1521819261939,"{""status"":{""operating_state"":""Off""}}"
1521824326467,"{""status"":{""room_temp"":82.5}}"
1521824326575,"{""status"":{""operating_state"":""Off""}}"
1521824626599,"{""status"":{""room_temp"":82.5}}"
1521824626720,"{""status"":{""operating_state"":""Off""}}"
1521828228695,"{""status"":{""room_temp"":82.5}}"
1521828228856,"{""status"":{""operating_state"":""Off""}}"
1521831830557,"{""status"":{""room_temp"":82.5}}"
1521831830669,"{""status"":{""operating_state"":""Off""}}"
1521832182532,"{""status"":{""room_temp"":83}}"
1521874471529,"{""status"":{""room_temp"":87}}"
1521874471647,"{""status"":{""operating_state"":""Off""}}"
1521875071850,"{""status"":{""room_temp"":87}}"
1521875071961,"{""status"":{""operating_state"":""Off""}}"
1521878673734,"{""status"":{""room_temp"":87}}"
1521878673849,"{""status"":{""operating_state"":""Off""}}"
1521880026164,"{""status"":{""room_temp"":88}}"
1521882275739,"{""status"":{""room_temp"":88.5}}"
1521882275852,"{""status"":{""operating_state"":""Off""}}"
1521885877760,"{""status"":{""room_temp"":88.5}}"
1521885877899,"{""status"":{""operating_state"":""Off""}}"
1521889479593,"{""status"":{""room_temp"":88.5}}"
1521889479754,"{""status"":{""operating_state"":""Off""}}"
1521893081541,"{""status"":{""room_temp"":88.5}}"
1521893081758,"{""status"":{""operating_state"":""Off""}}"
1522066620090,"{""status"":{""room_temp"":79}}"
1522066620344,"{""status"":{""operating_state"":""Off""}}"
1522069291966,"{""status"":{""room_temp"":78}}"
1522069292204,"{""status"":{""operating_state"":""Off""}}"
1522072894008,"{""status"":{""room_temp"":79}}"
1522072894122,"{""status"":{""operating_state"":""Off""}}"
1522076519937,"{""status"":{""room_temp"":79}}"
1522076520050,"{""status"":{""operating_state"":""Off""}}"
1522076781263,"{""status"":{""room_temp"":79.5}}"
1522077849232,"{""status"":{""room_temp"":80.5}}"
1522081873667,"{""status"":{""room_temp"":82.5}}"
1522081874024,"{""status"":{""operating_state"":""Off""}}"
1522082493261,"{""status"":{""room_temp"":83.5}}"
1522083645451,"{""status"":{""room_temp"":83.5}}"
1522083645612,"{""status"":{""operating_state"":""Off""}}"
1522087247670,"{""status"":{""room_temp"":84}}"
1522087247810,"{""status"":{""operating_state"":""Off""}}"
1522132119813,"{""status"":{""room_temp"":79.5}}"
1522132120011,"{""status"":{""operating_state"":""Off""}}"
1522132677001,"{""status"":{""room_temp"":79}}"
1522133877026,"{""status"":{""room_temp"":78}}"
1522134178029,"{""status"":{""room_temp"":79}}"
1522134418018,"{""status"":{""room_temp"":78}}"
1522137614002,"{""status"":{""battery"":90}}"
1522137794164,"{""status"":{""room_temp"":78}}"
1522137794342,"{""status"":{""operating_state"":""Off""}}"
1522138654014,"{""status"":{""room_temp"":77}}"
1522141396666,"{""status"":{""room_temp"":77.5}}"
1522141396781,"{""status"":{""operating_state"":""Off""}}"
1522142530221,"{""status"":{""room_temp"":78}}"
1522143634207,"{""status"":{""room_temp"":79}}"
1522144998760,"{""status"":{""room_temp"":79.5}}"
1522144998872,"{""status"":{""operating_state"":""Off""}}"
1522146262175,"{""status"":{""room_temp"":80}}"
1522148601308,"{""status"":{""room_temp"":80}}"
1522148601533,"{""status"":{""operating_state"":""Off""}}"
1522150054259,"{""status"":{""room_temp"":79}}"
1522152203311,"{""status"":{""room_temp"":79}}"
1522152203473,"{""status"":{""operating_state"":""Off""}}"
1522155805621,"{""status"":{""room_temp"":78.5}}"
1522155805731,"{""status"":{""operating_state"":""Off""}}"
1522159407726,"{""status"":{""room_temp"":79.5}}"
1522159407835,"{""status"":{""operating_state"":""Off""}}"
1522163009694,"{""status"":{""room_temp"":79}}"
1522163009795,"{""status"":{""operating_state"":""Off""}}"
1522164765485,"{""status"":{""room_temp"":80}}"
1522166611958,"{""status"":{""room_temp"":80.5}}"
1522166612145,"{""status"":{""operating_state"":""Off""}}"
1522166962487,"{""status"":{""room_temp"":81}}"
1522170193134,"{""status"":{""room_temp"":82}}"
1522170193246,"{""status"":{""operating_state"":""Off""}}"
1522171870608,"{""status"":{""room_temp"":83}}"
1522173795393,"{""status"":{""room_temp"":82.5}}"
1522173795599,"{""status"":{""operating_state"":""Off""}}"
1522174667632,"{""status"":{""room_temp"":84}}"
1522176837575,"{""status"":{""room_temp"":85}}"
1522177397812,"{""status"":{""room_temp"":85}}"
1522177398032,"{""status"":{""operating_state"":""Off""}}"
1522178962736,"{""status"":{""room_temp"":86}}"
1522180594767,"{""status"":{""room_temp"":85}}"
1522181001180,"{""status"":{""room_temp"":85}}"
1522181001397,"{""status"":{""operating_state"":""Off""}}"
1522221339345,"{""status"":{""room_temp"":76}}"
1522221339523,"{""status"":{""operating_state"":""Off""}}"
1522224011652,"{""status"":{""room_temp"":76.5}}"
1522224011758,"{""status"":{""operating_state"":""Off""}}"
1522227614368,"{""status"":{""room_temp"":76.5}}"
1522227614485,"{""status"":{""operating_state"":""Off""}}"
1522228763317,"{""status"":{""room_temp"":75}}"
1522231216565,"{""status"":{""room_temp"":74.5}}"
1522231216677,"{""status"":{""operating_state"":""Off""}}"
1522233286508,"{""status"":{""room_temp"":76}}"
1522234819167,"{""status"":{""room_temp"":76.5}}"
1522234819390,"{""status"":{""operating_state"":""Off""}}"
1522238421469,"{""status"":{""room_temp"":75.5}}"
1522238421584,"{""status"":{""operating_state"":""Off""}}"
1522242024079,"{""status"":{""room_temp"":76.5}}"
1522242024187,"{""status"":{""operating_state"":""Off""}}"
1522245626141,"{""status"":{""room_temp"":76.5}}"
1522245626302,"{""status"":{""operating_state"":""Off""}}"
1522248563698,"{""status"":{""room_temp"":77}}"
1522249227768,"{""status"":{""room_temp"":77}}"
1522249227928,"{""status"":{""operating_state"":""Off""}}"
1522251419716,"{""status"":{""room_temp"":78}}"
1522252319705,"{""status"":{""room_temp"":79}}"
1522255976832,"{""status"":{""room_temp"":81}}"
1522255977020,"{""status"":{""operating_state"":""Off""}}"
1522256577225,"{""status"":{""room_temp"":81}}"
1522256577401,"{""status"":{""operating_state"":""Off""}}"
1522258043820,"{""status"":{""room_temp"":82}}"
1522260179361,"{""status"":{""room_temp"":82.5}}"
1522260179626,"{""status"":{""operating_state"":""Off""}}"
1522260719821,"{""status"":{""room_temp"":83}}"
1522261862827,"{""status"":{""room_temp"":83.5}}"
1522263781868,"{""status"":{""room_temp"":83.5}}"
1522263782091,"{""status"":{""operating_state"":""Off""}}"
1522267384157,"{""status"":{""room_temp"":84}}"
1522267384271,"{""status"":{""operating_state"":""Off""}}"
1522270986491,"{""status"":{""room_temp"":84.5}}"
1522270986599,"{""status"":{""operating_state"":""Off""}}"
1522274589556,"{""status"":{""room_temp"":84.5}}"
1522274589676,"{""status"":{""operating_state"":""Off""}}"
1522276787070,"{""status"":{""room_temp"":85}}"
1522278190579,"{""status"":{""room_temp"":85}}"
1522278190705,"{""status"":{""operating_state"":""Off""}}"
1522280906828,"{""status"":{""room_temp"":85}}"
1522280906911,"{""status"":{""operating_state"":""Off""}}"
1522281627399,"{""status"":{""room_temp"":85}}"
1522281627528,"{""status"":{""operating_state"":""Off""}}"
1522292832827,"{""status"":{""room_temp"":85.5}}"
1522292832933,"{""status"":{""operating_state"":""Off""}}"
1522293348367,"{""status"":{""room_temp"":86}}"
1522295220373,"{""status"":{""room_temp"":87}}"
1522296134849,"{""status"":{""room_temp"":87.5}}"
1522296134950,"{""status"":{""operating_state"":""Off""}}"
1522297944387,"{""status"":{""room_temp"":86}}"
1522299492375,"{""status"":{""room_temp"":85}}"
1522299854170,"{""status"":{""room_temp"":85}}"
1522299854345,"{""status"":{""operating_state"":""Off""}}"
1522300392374,"{""status"":{""room_temp"":84}}"
1522301927372,"{""status"":{""room_temp"":83}}"
1522302420369,"{""status"":{""room_temp"":82}}"
1522302552370,"{""status"":{""room_temp"":81}}"
1522302852387,"{""status"":{""room_temp"":82}}"
1522302972386,"{""status"":{""room_temp"":81}}"
1522303127410,"{""status"":{""room_temp"":80}}"
1522303339299,"{""status"":{""room_temp"":79.5}}"
1522303339461,"{""status"":{""operating_state"":""Off""}}"
1522303789379,"{""status"":{""room_temp"":79}}"
1522304076370,"{""status"":{""room_temp"":80}}"
1522304304417,"{""status"":{""room_temp"":79}}"
1522304940373,"{""status"":{""room_temp"":78}}"
1522305300372,"{""status"":{""room_temp"":79}}"
1522305456451,"{""status"":{""room_temp"":78}}"
1522306189385,"{""status"":{""room_temp"":77}}"
1522306452380,"{""status"":{""room_temp"":78}}"
1522306776378,"{""status"":{""room_temp"":77}}"
1522306941736,"{""status"":{""room_temp"":77.5}}"
1522306941965,"{""status"":{""operating_state"":""Off""}}"
1522307064372,"{""status"":{""room_temp"":78}}"
1522307327396,"{""status"":{""room_temp"":77}}"
1522308012543,"{""status"":{""room_temp"":76}}"
1522308109591,"{""status"":{""room_temp"":77}}"
1522308192623,"{""status"":{""room_temp"":78}}"
1522308252753,"{""status"":{""room_temp"":79}}"
1522308312653,"{""status"":{""room_temp"":78}}"
1522308384645,"{""status"":{""room_temp"":77}}"
1522308467646,"{""status"":{""room_temp"":76}}"
1522308552645,"{""status"":{""room_temp"":75}}"
1522308696646,"{""status"":{""room_temp"":76}}"
1522308767648,"{""status"":{""room_temp"":77}}"
1522308839651,"{""status"":{""room_temp"":78}}"
1522308936645,"{""status"":{""room_temp"":77}}"
1522309020647,"{""status"":{""room_temp"":76}}"
1522309104695,"{""status"":{""room_temp"":75}}"
1522309309656,"{""status"":{""room_temp"":76}}"
1522309392649,"{""status"":{""room_temp"":77}}"
1522309656696,"{""status"":{""room_temp"":76}}"
1522309752647,"{""status"":{""room_temp"":75}}"
1522309896652,"{""status"":{""room_temp"":76}}"
1522309980648,"{""status"":{""room_temp"":77}}"
1522310196664,"{""status"":{""room_temp"":76}}"
1522310292658,"{""status"":{""room_temp"":75}}"
1522310532649,"{""status"":{""room_temp"":76}}"
1522310616657,"{""status"":{""room_temp"":77}}"
1522310772727,"{""status"":{""room_temp"":76}}"
1522310844655,"{""status"":{""room_temp"":75}}"
1522310964711,"{""status"":{""room_temp"":74}}"
1522311060653,"{""status"":{""room_temp"":75}}"
1522311144681,"{""status"":{""room_temp"":76}}"
1522311229662,"{""status"":{""room_temp"":77}}"
1522311384648,"{""status"":{""room_temp"":76}}"
1522311504663,"{""status"":{""room_temp"":75}}"
1522311696758,"{""status"":{""room_temp"":76}}"
1522311780656,"{""status"":{""room_temp"":77}}"
1522312032655,"{""status"":{""room_temp"":76}}"
1522312104653,"{""status"":{""room_temp"":75}}"
1522312307650,"{""status"":{""room_temp"":76}}"
1522312392653,"{""status"":{""room_temp"":77}}"
1522312644654,"{""status"":{""room_temp"":76}}"
1522312716650,"{""status"":{""room_temp"":75}}"
1522312896650,"{""status"":{""room_temp"":76}}"
1522312992650,"{""status"":{""room_temp"":77}}"
1522313244692,"{""status"":{""room_temp"":76}}"
1522313352664,"{""status"":{""room_temp"":75}}"
1522313472714,"{""status"":{""room_temp"":76}}"
1522313556655,"{""status"":{""room_temp"":77}}"
1522313856659,"{""status"":{""room_temp"":76}}"
1522313940655,"{""status"":{""room_temp"":75}}"
1522314072667,"{""status"":{""room_temp"":76}}"
1522314144660,"{""status"":{""room_temp"":77}}"
1522314227651,"{""status"":{""room_temp"":78}}"
1522314372651,"{""status"":{""room_temp"":77}}"
1522314480657,"{""status"":{""room_temp"":76}}"
1522314552667,"{""status"":{""room_temp"":75}}"
1522314672666,"{""status"":{""room_temp"":76}}"
1522314744657,"{""status"":{""room_temp"":77}}"
1522314829661,"{""status"":{""room_temp"":78}}"
1522314960655,"{""status"":{""room_temp"":77}}"
1522315069661,"{""status"":{""room_temp"":76}}"
1522315176705,"{""status"":{""room_temp"":75}}"
1522315260795,"{""status"":{""room_temp"":76}}"
1522315332765,"{""status"":{""room_temp"":77}}"
1522315440713,"{""status"":{""room_temp"":78}}"
1522315536715,"{""status"":{""room_temp"":77}}"
1522315644716,"{""status"":{""room_temp"":76}}"
1522315740718,"{""status"":{""room_temp"":75}}"
1522315872715,"{""status"":{""room_temp"":76}}"
1522315944715,"{""status"":{""room_temp"":77}}"
1522316279715,"{""status"":{""room_temp"":76}}"
1522316364714,"{""status"":{""room_temp"":75}}"
1522316460714,"{""status"":{""room_temp"":76}}"
1522316532714,"{""status"":{""room_temp"":77}}"
1522316640714,"{""status"":{""room_temp"":78}}"
1522316736714,"{""status"":{""room_temp"":77}}"
1522316880745,"{""status"":{""room_temp"":76}}"
1522317132748,"{""status"":{""room_temp"":77}}"
1522317456872,"{""status"":{""room_temp"":76}}"
1522317732723,"{""status"":{""room_temp"":77}}"
1522317840766,"{""status"":{""room_temp"":78}}"
1522317972716,"{""status"":{""room_temp"":77}}"
1522318116719,"{""status"":{""room_temp"":76}}"
1522318307716,"{""status"":{""room_temp"":77}}"
1522318416732,"{""status"":{""room_temp"":78}}"
1522318560717,"{""status"":{""room_temp"":77}}"
1522318704721,"{""status"":{""room_temp"":76}}"
1522318909728,"{""status"":{""room_temp"":77}}"
1522319267717,"{""status"":{""room_temp"":76}}"
1522319352716,"{""status"":{""room_temp"":75}}"
1522319472718,"{""status"":{""room_temp"":76}}"
1522319556719,"{""status"":{""room_temp"":77}}"
1522319844717,"{""status"":{""room_temp"":76}}"
1522320144720,"{""status"":{""room_temp"":77}}"
1522320444720,"{""status"":{""room_temp"":76}}"
1522320540720,"{""status"":{""room_temp"":75}}"
1522320672719,"{""status"":{""room_temp"":76}}"
1522320767811,"{""status"":{""room_temp"":77}}"
1522321032803,"{""status"":{""room_temp"":76}}"
1522321140738,"{""status"":{""room_temp"":75}}"
1522321272717,"{""status"":{""room_temp"":76}}"
1522321380845,"{""status"":{""room_temp"":77}}"
1522321596719,"{""status"":{""room_temp"":76}}"
1522321704727,"{""status"":{""room_temp"":75}}"
1522321896830,"{""status"":{""room_temp"":76}}"
1522321980720,"{""status"":{""room_temp"":77}}"
1522322184720,"{""status"":{""room_temp"":76}}"
1522322292720,"{""status"":{""room_temp"":75}}"
1522322496721,"{""status"":{""room_temp"":76}}"
1522322604744,"{""status"":{""room_temp"":77}}"
1522322772813,"{""status"":{""room_temp"":76}}"
1522322867850,"{""status"":{""room_temp"":75}}"
1522323107849,"{""status"":{""room_temp"":76}}"
1522323456857,"{""status"":{""room_temp"":75}}"
1522323719852,"{""status"":{""room_temp"":76}}"
1522324056855,"{""status"":{""room_temp"":75}}"
1522324320849,"{""status"":{""room_temp"":76}}"
1522324572850,"{""status"":{""room_temp"":75}}"
1522324704847,"{""status"":{""room_temp"":74}}"
1522324860848,"{""status"":{""room_temp"":75}}"
1522324967851,"{""status"":{""room_temp"":76}}"
1522325136865,"{""status"":{""room_temp"":75}}"
1522325244855,"{""status"":{""room_temp"":74}}"
1522325472864,"{""status"":{""room_temp"":75}}"
1522325580849,"{""status"":{""room_temp"":76}}"
1522325724851,"{""status"":{""room_temp"":75}}"
1522325844849,"{""status"":{""room_temp"":74}}"
1522326084943,"{""status"":{""room_temp"":75}}"
1522326180857,"{""status"":{""room_temp"":76}}"
1522326359849,"{""status"":{""room_temp"":75}}"
1522326480850,"{""status"":{""room_temp"":74}}"
1522326660851,"{""status"":{""room_temp"":75}}"
1522326767872,"{""status"":{""room_temp"":76}}"
1522326972855,"{""status"":{""room_temp"":75}}"
1522327079852,"{""status"":{""room_temp"":74}}"
1522327272849,"{""status"":{""room_temp"":75}}"
1522327380850,"{""status"":{""room_temp"":76}}"
1522327536944,"{""status"":{""room_temp"":75}}"
1522327656850,"{""status"":{""room_temp"":74}}"
1522327872851,"{""status"":{""room_temp"":75}}"
1522327980850,"{""status"":{""room_temp"":76}}"
1522328112852,"{""status"":{""room_temp"":75}}"
1522328207855,"{""status"":{""room_temp"":74}}"
1522328292855,"{""status"":{""room_temp"":73}}"
1522328436859,"{""status"":{""room_temp"":74}}"
1522328496851,"{""status"":{""room_temp"":75}}"
1522328784853,"{""status"":{""room_temp"":74}}"
1522328892882,"{""status"":{""room_temp"":73}}"
1522329060864,"{""status"":{""room_temp"":74}}"
1522329144853,"{""status"":{""room_temp"":75}}"
1522329372860,"{""status"":{""room_temp"":74}}"
1522329504856,"{""status"":{""room_temp"":73}}"
1522329636854,"{""status"":{""room_temp"":74}}"
1522329744948,"{""status"":{""room_temp"":75}}"
1522329936856,"{""status"":{""room_temp"":74}}"
1522330032855,"{""status"":{""room_temp"":73}}"
1522330272950,"{""status"":{""room_temp"":74}}"
1522330356955,"{""status"":{""room_temp"":75}}"
1522330547949,"{""status"":{""room_temp"":74}}"
1522330656948,"{""status"":{""room_temp"":73}}"
1522330872946,"{""status"":{""room_temp"":74}}"
1522330967955,"{""status"":{""room_temp"":75}}"
1522331136986,"{""status"":{""room_temp"":74}}"
1522331245048,"{""status"":{""room_temp"":73}}"
1522331460948,"{""status"":{""room_temp"":74}}"
1522331556956,"{""status"":{""room_temp"":75}}"
1522331747951,"{""status"":{""room_temp"":74}}"
1522331856963,"{""status"":{""room_temp"":73}}"
1522332047949,"{""status"":{""room_temp"":74}}"
1522332133025,"{""status"":{""room_temp"":75}}"
1522332360044,"{""status"":{""room_temp"":74}}"
1522332467958,"{""status"":{""room_temp"":73}}"
1522332647949,"{""status"":{""room_temp"":74}}"
1522332732947,"{""status"":{""room_temp"":75}}"
1522332947995,"{""status"":{""room_temp"":74}}"
1522333032953,"{""status"":{""room_temp"":73}}"
1522333284952,"{""status"":{""room_temp"":74}}"
1522333380956,"{""status"":{""room_temp"":75}}"
1522333512957,"{""status"":{""room_temp"":74}}"
1522333607955,"{""status"":{""room_temp"":73}}"
1522333884950,"{""status"":{""room_temp"":74}}"
1522333968014,"{""status"":{""room_temp"":75}}"
1522334087950,"{""status"":{""room_temp"":74}}"
1522334172950,"{""status"":{""room_temp"":73}}"
1522334304957,"{""status"":{""room_temp"":72}}"
1522334436953,"{""status"":{""room_temp"":73}}"
1522334532955,"{""status"":{""room_temp"":74}}"
1522334737003,"{""status"":{""room_temp"":73}}"
1522334880990,"{""status"":{""room_temp"":72}}"
1522335060953,"{""status"":{""room_temp"":73}}"
1522335144953,"{""status"":{""room_temp"":74}}"
1522335347955,"{""status"":{""room_temp"":73}}"
1522335709961,"{""status"":{""room_temp"":74}}"
1522335949963,"{""status"":{""room_temp"":73}}"
1522336092959,"{""status"":{""room_temp"":72}}"
1522336247960,"{""status"":{""room_temp"":73}}"
1522336344957,"{""status"":{""room_temp"":74}}"
1522336524955,"{""status"":{""room_temp"":73}}"
1522336692955,"{""status"":{""room_temp"":72}}"
1522336836956,"{""status"":{""room_temp"":73}}"
1522336932962,"{""status"":{""room_temp"":74}}"
1522337159962,"{""status"":{""room_temp"":73}}"
1522337244958,"{""status"":{""room_temp"":74}}"
1522337365064,"{""status"":{""room_temp"":75}}"
1522337507955,"{""status"":{""room_temp"":76}}"
1522337629966,"{""status"":{""room_temp"":77}}"
1522337820956,"{""status"":{""room_temp"":78}}"
1522338000957,"{""status"":{""room_temp"":79}}"
1522338135958,"{""status"":{""room_temp"":79.5}}"
1522338276959,"{""status"":{""room_temp"":80}}"
1522338672960,"{""status"":{""room_temp"":81}}"
1522342693863,"{""status"":{""room_temp"":86.5}}"
1522342694092,"{""status"":{""operating_state"":""Off""}}"
1522342964316,"{""status"":{""room_temp"":86.5}}"
1522342964428,"{""status"":{""operating_state"":""Off""}}"
1522343065112,"{""status"":{""room_temp"":87}}"
1522344577131,"{""status"":{""room_temp"":88}}"
1522346567034,"{""status"":{""room_temp"":88.5}}"
1522346567151,"{""status"":{""operating_state"":""Off""}}"
1522346868137,"{""status"":{""room_temp"":89}}"
1522348993133,"{""status"":{""room_temp"":90}}"
1522350169224,"{""status"":{""room_temp"":90}}"
1522350169383,"{""status"":{""operating_state"":""Off""}}"
1522393037508,"{""status"":{""room_temp"":79.5}}"
1522393037641,"{""status"":{""operating_state"":""Off""}}"
1522393307890,"{""status"":{""room_temp"":79.5}}"
1522393308161,"{""status"":{""operating_state"":""Off""}}"
1522395157880,"{""status"":{""room_temp"":78.5}}"
1522395470880,"{""status"":{""room_temp"":77.5}}"
1522396081869,"{""status"":{""room_temp"":76.5}}"
1522396548869,"{""status"":{""room_temp"":75.5}}"
1522396910999,"{""status"":{""room_temp"":75}}"
1522396911220,"{""status"":{""operating_state"":""Off""}}"
1522397160961,"{""status"":{""room_temp"":74.5}}"
1522398745877,"{""status"":{""room_temp"":73.5}}"
1522399597868,"{""status"":{""room_temp"":72.5}}"
1522400513575,"{""status"":{""room_temp"":73}}"
1522400513687,"{""status"":{""operating_state"":""Off""}}"
1522401337866,"{""status"":{""room_temp"":73.5}}"
1522401588905,"{""status"":{""room_temp"":74.5}}"
1522401986023,"{""status"":{""room_temp"":75.5}}"
1522402466023,"{""status"":{""room_temp"":76.5}}"
1522404117261,"{""status"":{""room_temp"":77}}"
1522404117374,"{""status"":{""operating_state"":""Off""}}"
1522404302043,"{""status"":{""room_temp"":77.5}}"
1522407718738,"{""status"":{""room_temp"":78}}"
1522407718850,"{""status"":{""operating_state"":""Off""}}"
1522411320793,"{""status"":{""room_temp"":78}}"
1522411320907,"{""status"":{""operating_state"":""Off""}}"
1522412846135,"{""status"":{""room_temp"":76.5}}"
1522413374122,"{""status"":{""room_temp"":75.5}}"
1522414706128,"{""status"":{""room_temp"":74.5}}"
1522414923275,"{""status"":{""room_temp"":74.5}}"
1522414923385,"{""status"":{""operating_state"":""Off""}}"
1522416818244,"{""status"":{""room_temp"":73.5}}"
1522417898237,"{""status"":{""room_temp"":74.5}}"
1522418525300,"{""status"":{""room_temp"":74.5}}"
1522418525412,"{""status"":{""operating_state"":""Off""}}"
1522419842235,"{""status"":{""room_temp"":75.5}}"
1522421966242,"{""status"":{""room_temp"":76.5}}"
1522422127811,"{""status"":{""room_temp"":76.5}}"
1522422128003,"{""status"":{""operating_state"":""Off""}}"
1522422938255,"{""status"":{""room_temp"":77.5}}"
1522423778242,"{""status"":{""room_temp"":78.5}}"
1522471014428,"{""status"":{""room_temp"":92.5}}"
1522471014640,"{""status"":{""operating_state"":""Off""}}"
1522471095001,"{""status"":{""room_temp"":93}}"
1522472515560,"{""status"":{""room_temp"":93}}"
1522472515699,"{""status"":{""operating_state"":""Off""}}"
1522476117717,"{""status"":{""room_temp"":93}}"
1522476117940,"{""status"":{""operating_state"":""Off""}}"
1522479721027,"{""status"":{""room_temp"":92.5}}"
1522479721228,"{""status"":{""operating_state"":""Off""}}"
1522480575187,"{""status"":{""room_temp"":92}}"
1522483322642,"{""status"":{""room_temp"":92}}"
1522483322811,"{""status"":{""operating_state"":""Off""}}"
1522486924697,"{""status"":{""room_temp"":92}}"
1522486924805,"{""status"":{""operating_state"":""Off""}}"
1522488039252,"{""status"":{""room_temp"":91}}"
1522490527261,"{""status"":{""room_temp"":90.5}}"
1522490527375,"{""status"":{""operating_state"":""Off""}}"
1522494129712,"{""status"":{""room_temp"":90.5}}"
1522494129900,"{""status"":{""operating_state"":""Off""}}"
1522497671914,"{""status"":{""room_temp"":91.5}}"
1522497672026,"{""status"":{""operating_state"":""Off""}}"
1522497915379,"{""status"":{""room_temp"":92}}"
1522643937458,"{""status"":{""room_temp"":86}}"
1522643937568,"{""status"":{""operating_state"":""Off""}}"
1522644185579,"{""status"":{""room_temp"":85.5}}"
1522644221588,"{""status"":{""room_temp"":84.5}}"
1522644257574,"{""status"":{""room_temp"":83.5}}"
1522644293575,"{""status"":{""room_temp"":82.5}}"
1522644329573,"{""status"":{""room_temp"":81.5}}"
1522644377573,"{""status"":{""room_temp"":80.5}}"
1522644641577,"{""status"":{""room_temp"":81.5}}"
1522644725596,"{""status"":{""room_temp"":80.5}}"
1522644797593,"{""status"":{""room_temp"":79.5}}"
1522644857592,"{""status"":{""room_temp"":78.5}}"
1522645097600,"{""status"":{""room_temp"":79.5}}"
1522645408993,"{""status"":{""room_temp"":80}}"
1522645409114,"{""status"":{""operating_state"":""Off""}}"
1522645829589,"{""status"":{""room_temp"":78.5}}"
1522646441590,"{""status"":{""room_temp"":77.5}}"
1522646801589,"{""status"":{""room_temp"":76.5}}"
1522647112592,"{""status"":{""room_temp"":75.5}}"
1522647665637,"{""status"":{""room_temp"":74.5}}"
1522648589596,"{""status"":{""room_temp"":73.5}}"
1522649011367,"{""status"":{""room_temp"":73}}"
1522649011469,"{""status"":{""operating_state"":""Off""}}"
1522649369594,"{""status"":{""room_temp"":72.5}}"
1522652514761,"{""status"":{""room_temp"":73.5}}"
1522653185781,"{""status"":{""room_temp"":74.5}}"
1522654181756,"{""status"":{""room_temp"":75.5}}"
1522655669754,"{""status"":{""room_temp"":76.5}}"
1522656216459,"{""status"":{""room_temp"":76.5}}"
1522656216571,"{""status"":{""operating_state"":""Off""}}"
1522659819497,"{""status"":{""room_temp"":77}}"
1522659819729,"{""status"":{""operating_state"":""Off""}}"
1522661501846,"{""status"":{""room_temp"":77.5}}"
1522663421816,"{""status"":{""room_temp"":77.5}}"
1522663422021,"{""status"":{""operating_state"":""Off""}}"
1522667024043,"{""status"":{""room_temp"":77.5}}"
1522667024234,"{""status"":{""operating_state"":""Off""}}"
1522670626011,"{""status"":{""room_temp"":77.5}}"
1522670626297,"{""status"":{""operating_state"":""Off""}}"
1522674228083,"{""status"":{""room_temp"":77.5}}"
1522674228203,"{""status"":{""operating_state"":""Off""}}"
1522677830195,"{""status"":{""room_temp"":77.5}}"
1522677830306,"{""status"":{""operating_state"":""Off""}}"
1522681242203,"{""status"":{""room_temp"":76.5}}"
1522684662175,"{""status"":{""room_temp"":77.5}}"
1522684934934,"{""status"":{""room_temp"":77.5}}"
1522684935046,"{""status"":{""operating_state"":""Off""}}"
1522688130236,"{""status"":{""room_temp"":79.5}}"
1522688673073,"{""status"":{""room_temp"":79.5}}"
1522688673281,"{""status"":{""operating_state"":""Off""}}"
1522691358339,"{""status"":{""room_temp"":80.5}}"
1522692275348,"{""status"":{""room_temp"":80.5}}"
1522692275467,"{""status"":{""operating_state"":""Off""}}"
1522695877801,"{""status"":{""room_temp"":81}}"
1522695877907,"{""status"":{""operating_state"":""Off""}}"
1522699480027,"{""status"":{""room_temp"":81.5}}"
1522699480145,"{""status"":{""operating_state"":""Off""}}"
1522701413462,"{""status"":{""room_temp"":82.5}}"
1522703082251,"{""status"":{""room_temp"":82.5}}"
1522703082437,"{""status"":{""operating_state"":""Off""}}"
1522704822482,"{""status"":{""room_temp"":83.5}}"
1522706684773,"{""status"":{""room_temp"":83.5}}"
1522706684884,"{""status"":{""operating_state"":""Off""}}"
1522710286932,"{""status"":{""room_temp"":83.5}}"
1522710287055,"{""status"":{""operating_state"":""Off""}}"
1522712642308,"{""status"":{""room_temp"":83.5}}"
1522712642456,"{""status"":{""operating_state"":""Off""}}"
1522713723212,"{""status"":{""room_temp"":83.5}}"
1522713723467,"{""status"":{""operating_state"":""Off""}}"
1522725910712,"{""status"":{""room_temp"":84}}"
1522725910903,"{""status"":{""operating_state"":""Off""}}"
1522727106796,"{""status"":{""room_temp"":84.5}}"
1522728012160,"{""status"":{""room_temp"":84.5}}"
1522728012305,"{""status"":{""operating_state"":""Off""}}"
1522729602792,"{""status"":{""room_temp"":83.5}}"
1522729674802,"{""status"":{""room_temp"":82.5}}"
1522729758797,"{""status"":{""room_temp"":81.5}}"
1522729830800,"{""status"":{""room_temp"":80.5}}"
1522729902902,"{""status"":{""room_temp"":79.5}}"
1522729998803,"{""status"":{""room_temp"":78.5}}"
1522730082792,"{""status"":{""room_temp"":77.5}}"
1522730382838,"{""status"":{""room_temp"":76.5}}"
1522730550791,"{""status"":{""room_temp"":75.5}}"
1522730922794,"{""status"":{""room_temp"":74.5}}"
1522731478792,"{""status"":{""room_temp"":75.5}}"
1522731614451,"{""status"":{""room_temp"":75.5}}"
1522731614564,"{""status"":{""operating_state"":""Off""}}"
1522731822843,"{""status"":{""room_temp"":76.5}}"
1522733562797,"{""status"":{""room_temp"":77.5}}"
1522735216753,"{""status"":{""room_temp"":77}}"
1522735216867,"{""status"":{""operating_state"":""Off""}}"
1522737042949,"{""status"":{""room_temp"":76.5}}"
1522738820383,"{""status"":{""room_temp"":76}}"
1522738820502,"{""status"":{""operating_state"":""Off""}}"
1522742421879,"{""status"":{""room_temp"":76.5}}"
1522742423568,"{""status"":{""operating_state"":""Off""}}"
1522742423676,"{""status"":{""battery"":89}}"
1522743476016,"{""status"":{""room_temp"":75.5}}"
1522745514008,"{""status"":{""room_temp"":76.5}}"
1522746023977,"{""status"":{""room_temp"":76.5}}"
1522746024090,"{""status"":{""operating_state"":""Off""}}"
1522749626273,"{""status"":{""room_temp"":76.5}}"
1522749626497,"{""status"":{""operating_state"":""Off""}}"
1522753228455,"{""status"":{""room_temp"":76.5}}"
1522753228602,"{""status"":{""operating_state"":""Off""}}"
1522756830576,"{""status"":{""room_temp"":77}}"
1522756830764,"{""status"":{""operating_state"":""Off""}}"
1522758187273,"{""status"":{""room_temp"":77.5}}"
1522759603257,"{""status"":{""room_temp"":76.5}}"
1522760432709,"{""status"":{""room_temp"":77}}"
1522760432933,"{""status"":{""operating_state"":""Off""}}"
1522760683255,"{""status"":{""room_temp"":77.5}}"
1522764035053,"{""status"":{""room_temp"":77}}"
1522764035161,"{""status"":{""operating_state"":""Off""}}"
1522766526322,"{""status"":{""room_temp"":76.5}}"
1522767637027,"{""status"":{""room_temp"":76.5}}"
1522767637202,"{""status"":{""operating_state"":""Off""}}"
1522770631422,"{""status"":{""room_temp"":77.5}}"
1522771209158,"{""status"":{""room_temp"":78}}"
1522771209272,"{""status"":{""operating_state"":""Off""}}"
1522771387332,"{""status"":{""room_temp"":78.5}}"
1522774807514,"{""status"":{""room_temp"":80.5}}"
1522776943521,"{""status"":{""room_temp"":81.5}}"
1522778471268,"{""status"":{""room_temp"":82}}"
1522778471540,"{""status"":{""operating_state"":""Off""}}"
1522778839518,"{""status"":{""room_temp"":82.5}}"
1522780867564,"{""status"":{""room_temp"":83.5}}"
1522782235129,"{""status"":{""room_temp"":83.5}}"
1522782235234,"{""status"":{""operating_state"":""Off""}}"
1522785837362,"{""status"":{""room_temp"":83.5}}"
1522785837472,"{""status"":{""operating_state"":""Off""}}"
1522789439416,"{""status"":{""room_temp"":83.5}}"
1522789439797,"{""status"":{""operating_state"":""Off""}}"
1522793041361,"{""status"":{""room_temp"":84}}"
1522793041472,"{""status"":{""operating_state"":""Off""}}"
1522796643705,"{""status"":{""room_temp"":84}}"
1522796643810,"{""status"":{""operating_state"":""Off""}}"
1522797883893,"{""status"":{""room_temp"":84.5}}"
1522800152969,"{""status"":{""room_temp"":84.5}}"
1522800153118,"{""status"":{""operating_state"":""Off""}}"
1522802482162,"{""status"":{""room_temp"":84}}"
1522802482382,"{""status"":{""operating_state"":""Off""}}"
1522803743066,"{""status"":{""room_temp"":84}}"
1522803743262,"{""status"":{""operating_state"":""Off""}}"
1522812059773,"{""status"":{""room_temp"":85}}"
1522812059883,"{""status"":{""operating_state"":""Off""}}"
1522813364065,"{""status"":{""room_temp"":85.5}}"
1522814461613,"{""status"":{""room_temp"":86}}"
1522814461842,"{""status"":{""operating_state"":""Off""}}"
1522816004067,"{""status"":{""room_temp"":84.5}}"
1522816232079,"{""status"":{""room_temp"":83.5}}"
1522816388110,"{""status"":{""room_temp"":82.5}}"
1522816604098,"{""status"":{""room_temp"":81.5}}"
1522816868066,"{""status"":{""room_temp"":80.5}}"
1522817400075,"{""status"":{""room_temp"":79.5}}"
1522818063825,"{""status"":{""room_temp"":79}}"
1522818064007,"{""status"":{""operating_state"":""Off""}}"
1522821092265,"{""status"":{""room_temp"":77.5}}"
1522821666139,"{""status"":{""room_temp"":77.5}}"
1522821666252,"{""status"":{""operating_state"":""Off""}}"
1522825263662,"{""status"":{""room_temp"":77}}"
1522825263777,"{""status"":{""operating_state"":""Off""}}"
1522825460216,"{""status"":{""room_temp"":76.5}}"
1522828887550,"{""status"":{""room_temp"":76.5}}"
1522828887654,"{""status"":{""operating_state"":""Off""}}"
1522829143887,"{""status"":{""room_temp"":76.5}}"
1522829144017,"{""status"":{""operating_state"":""Off""}}"
1522830404346,"{""status"":{""room_temp"":75.5}}"
1522831855388,"{""status"":{""room_temp"":74.5}}"
1522832416135,"{""status"":{""room_temp"":74}}"
1522832416242,"{""status"":{""operating_state"":""Off""}}"
1522832635442,"{""status"":{""room_temp"":74}}"
1522832635553,"{""status"":{""operating_state"":""Off""}}"
1522834495344,"{""status"":{""room_temp"":75.5}}"
1522836288080,"{""status"":{""room_temp"":76}}"
1522836288190,"{""status"":{""operating_state"":""Off""}}"
1522837535915,"{""status"":{""room_temp"":76}}"
1522837536011,"{""status"":{""operating_state"":""Off""}}"
1522838575436,"{""status"":{""room_temp"":76.5}}"
1522839648637,"{""status"":{""room_temp"":76.5}}"
1522839648851,"{""status"":{""operating_state"":""Off""}}"
1522843500617,"{""status"":{""room_temp"":76}}"
1522843500949,"{""status"":{""operating_state"":""Off""}}"
1522846810506,"{""status"":{""room_temp"":76.5}}"
1522846810605,"{""status"":{""operating_state"":""Off""}}"
1522847684713,"{""status"":{""room_temp"":76.5}}"
1522847684825,"{""status"":{""operating_state"":""Off""}}"
1522847939521,"{""status"":{""room_temp"":75.5}}"
1522849150418,"{""status"":{""room_temp"":76.5}}"
1522850624612,"{""status"":{""room_temp"":76.5}}"
1522850624807,"{""status"":{""operating_state"":""Off""}}"
1522852135724,"{""status"":{""room_temp"":77.5}}"
1522854227163,"{""status"":{""room_temp"":77.5}}"
1522854227387,"{""status"":{""operating_state"":""Off""}}"
1522854753784,"{""status"":{""room_temp"":77}}"
1522854753958,"{""status"":{""operating_state"":""Off""}}"
1522856240718,"{""status"":{""room_temp"":78.5}}"
1522900277201,"{""status"":{""room_temp"":91}}"
1522900277305,"{""status"":{""operating_state"":""Off""}}"
1522900847736,"{""status"":{""room_temp"":90.5}}"
1522900847846,"{""status"":{""operating_state"":""Off""}}"
1522900893375,"{""status"":{""room_temp"":90}}"
1522901161364,"{""status"":{""room_temp"":89}}"
1522901304365,"{""status"":{""room_temp"":88.5}}"
1522901457365,"{""status"":{""room_temp"":87}}"
1522901589364,"{""status"":{""room_temp"":86}}"
1522901793364,"{""status"":{""room_temp"":85}}"
1522901973366,"{""status"":{""room_temp"":84}}"
1522902333369,"{""status"":{""room_temp"":83}}"
1522902444365,"{""status"":{""room_temp"":82.5}}"
1522902585364,"{""status"":{""room_temp"":82}}"
1522902957368,"{""status"":{""room_temp"":81}}"
1522903749379,"{""status"":{""room_temp"":80}}"
1522904450160,"{""status"":{""room_temp"":79.5}}"
1522904450273,"{""status"":{""operating_state"":""Off""}}"
1522904601368,"{""status"":{""room_temp"":79}}"
1522907073449,"{""status"":{""room_temp"":78}}"
1522908194265,"{""status"":{""room_temp"":77.5}}"
1522908194493,"{""status"":{""operating_state"":""Off""}}"
1522911796305,"{""status"":{""room_temp"":77.5}}"
1522911796419,"{""status"":{""operating_state"":""Off""}}"
1522911885509,"{""status"":{""room_temp"":77}}"
1522915398313,"{""status"":{""room_temp"":76.5}}"
1522915398415,"{""status"":{""operating_state"":""Off""}}"
1522919000159,"{""status"":{""room_temp"":76.5}}"
1522919000273,"{""status"":{""operating_state"":""Off""}}"
1522919145598,"{""status"":{""room_temp"":76}}"
1522922483359,"{""status"":{""room_temp"":76.5}}"
1522922483462,"{""status"":{""operating_state"":""Off""}}"
1522926213712,"{""status"":{""room_temp"":76.5}}"
1522926213823,"{""status"":{""operating_state"":""Off""}}"
1522929815379,"{""status"":{""room_temp"":76.5}}"
1522929815572,"{""status"":{""operating_state"":""Off""}}"
1522933417040,"{""status"":{""room_temp"":76.5}}"
1522933417151,"{""status"":{""operating_state"":""Off""}}"
1522937024390,"{""status"":{""room_temp"":76}}"
1522937024578,"{""status"":{""operating_state"":""Off""}}"
1522938501944,"{""status"":{""room_temp"":75}}"
1523019280642,"{""status"":{""room_temp"":77}}"
1523019280752,"{""status"":{""operating_state"":""Off""}}"
1523019602828,"{""status"":{""room_temp"":77}}"
1523019602927,"{""status"":{""operating_state"":""Off""}}"
1523023407378,"{""status"":{""room_temp"":77}}"
1523023407573,"{""status"":{""operating_state"":""Off""}}"
1523024683259,"{""status"":{""room_temp"":76.5}}"
1523024683410,"{""status"":{""operating_state"":""Off""}}"
1523026935640,"{""status"":{""room_temp"":76.5}}"
1523026935737,"{""status"":{""operating_state"":""Off""}}"
1523276018895,"{""status"":{""room_temp"":76}}"
1523278959663,"{""status"":{""room_temp"":76.5}}"
1523278959766,"{""status"":{""operating_state"":""Off""}}"
1523282561784,"{""status"":{""room_temp"":76.5}}"
1523282561902,"{""status"":{""operating_state"":""Off""}}"
1523282895184,"{""status"":{""room_temp"":77}}"
1523285211044,"{""status"":{""room_temp"":76}}"
1523286100062,"{""status"":{""room_temp"":75.5}}"
1523286100280,"{""status"":{""operating_state"":""Off""}}"
1523605539916,"{""status"":{""room_temp"":76.5}}"
1523605540118,"{""status"":{""operating_state"":""Off""}}"
1523605699894,"{""status"":{""room_temp"":76}}"
1523606411133,"{""status"":{""room_temp"":76}}"
1523606412921,"{""status"":{""operating_state"":""Off""}}"
1523606413024,"{""status"":{""battery"":85}}"
1523610014014,"{""status"":{""room_temp"":75.5}}"
1523610014119,"{""status"":{""operating_state"":""Off""}}"
1523613616271,"{""status"":{""room_temp"":76.5}}"
1523613616498,"{""status"":{""operating_state"":""Off""}}"
1523617218490,"{""status"":{""room_temp"":75.5}}"
1523617218604,"{""status"":{""operating_state"":""Off""}}"
1523619931924,"{""status"":{""room_temp"":75}}"
1523620820874,"{""status"":{""room_temp"":75}}"
1523620820987,"{""status"":{""operating_state"":""Off""}}"
1523621756137,"{""status"":{""room_temp"":76}}"
1523624423006,"{""status"":{""room_temp"":76}}"
1523624423125,"{""status"":{""operating_state"":""Off""}}"
1523625284045,"{""status"":{""room_temp"":75}}"
1523626507055,"{""status"":{""room_temp"":76}}"
1523628025144,"{""status"":{""room_temp"":76.5}}"
1523628025251,"{""status"":{""operating_state"":""Off""}}"
1523629256120,"{""status"":{""room_temp"":77}}"
1523631627689,"{""status"":{""room_temp"":77}}"
1523631627799,"{""status"":{""operating_state"":""Off""}}"
1523633198061,"{""status"":{""room_temp"":77}}"
1523633198252,"{""status"":{""operating_state"":""Off""}}"
1523634100051,"{""status"":{""room_temp"":77.5}}"
1523634100170,"{""status"":{""operating_state"":""Off""}}"
1523634427137,"{""status"":{""room_temp"":78}}"
1523635124141,"{""status"":{""room_temp"":79}}"
1523635238999,"{""status"":{""room_temp"":79}}"
1523635239180,"{""status"":{""operating_state"":""Off""}}"
1523636180132,"{""status"":{""room_temp"":80}}"
1523938108418,"{""status"":{""room_temp"":78.5}}"
1523938108680,"{""status"":{""operating_state"":""Off""}}"
1523939112725,"{""status"":{""room_temp"":78}}"
1523939376723,"{""status"":{""room_temp"":77}}"
1523940072709,"{""status"":{""room_temp"":76}}"
1523941320705,"{""status"":{""room_temp"":75}}"
1523942748787,"{""status"":{""room_temp"":76}}"
1523944888140,"{""status"":{""room_temp"":76}}"
1523944888334,"{""status"":{""operating_state"":""Off""}}"
1523945544830,"{""status"":{""room_temp"":75}}"
1523945760827,"{""status"":{""room_temp"":74}}"
1523946251828,"{""status"":{""room_temp"":73}}"
1523946768840,"{""status"":{""room_temp"":74}}"
1523947391845,"{""status"":{""room_temp"":73}}"
1523948136833,"{""status"":{""room_temp"":72}}"
1523948490672,"{""status"":{""room_temp"":72}}"
1523948490833,"{""status"":{""operating_state"":""Off""}}"
1523950213848,"{""status"":{""room_temp"":71}}"
1523950631853,"{""status"":{""room_temp"":72}}"
1523951711854,"{""status"":{""room_temp"":73}}"
1523951928838,"{""status"":{""room_temp"":74}}"
1523952093081,"{""status"":{""room_temp"":74}}"
1523952093309,"{""status"":{""operating_state"":""Off""}}"
1523952588918,"{""status"":{""room_temp"":75}}"
1523953536995,"{""status"":{""room_temp"":76}}"
1523955191982,"{""status"":{""room_temp"":77}}"
1523955729020,"{""status"":{""room_temp"":77.5}}"
1523955729132,"{""status"":{""operating_state"":""Off""}}"
1524027598804,"{""status"":{""room_temp"":80.5}}"
1524027598916,"{""status"":{""operating_state"":""Off""}}"
1524027868955,"{""status"":{""room_temp"":80.5}}"
1524027869065,"{""status"":{""operating_state"":""Off""}}"
1524029858042,"{""status"":{""room_temp"":79}}"
1524030770031,"{""status"":{""room_temp"":80}}"
1524031471626,"{""status"":{""room_temp"":80}}"
1524031471741,"{""status"":{""operating_state"":""Off""}}"
1524033458082,"{""status"":{""room_temp"":79}}"
1524034622047,"{""status"":{""room_temp"":78}}"
1524034865581,"{""status"":{""room_temp"":77.5}}"
1524034865696,"{""status"":{""operating_state"":""Off""}}"
1524035366047,"{""status"":{""room_temp"":77}}"
1524037142174,"{""status"":{""room_temp"":78}}"
1524038270172,"{""status"":{""room_temp"":79}}"
1524038464962,"{""status"":{""room_temp"":79}}"
1524038465078,"{""status"":{""operating_state"":""Off""}}"
1524042067353,"{""status"":{""room_temp"":79.5}}"
1524042067464,"{""status"":{""operating_state"":""Off""}}"
1524045669828,"{""status"":{""room_temp"":79}}"
1524045669925,"{""status"":{""operating_state"":""Off""}}"
1524049272151,"{""status"":{""room_temp"":79.5}}"
1524049272290,"{""status"":{""operating_state"":""Off""}}"
1524052874329,"{""status"":{""room_temp"":79}}"
1524052874518,"{""status"":{""operating_state"":""Off""}}"
1524056476659,"{""status"":{""room_temp"":79}}"
1524056476771,"{""status"":{""operating_state"":""Off""}}"
1524060078837,"{""status"":{""room_temp"":78.5}}"
1524060078951,"{""status"":{""operating_state"":""Off""}}"
1524061082573,"{""status"":{""room_temp"":78}}"
1524063681126,"{""status"":{""room_temp"":77.5}}"
1524063681347,"{""status"":{""operating_state"":""Off""}}"
1524066493485,"{""status"":{""room_temp"":79}}"
1524066793603,"{""status"":{""room_temp"":80}}"
1524067190478,"{""status"":{""room_temp"":81}}"
1524125674801,"{""status"":{""room_temp"":84.5}}"
1524125674989,"{""status"":{""operating_state"":""Off""}}"
1524128677330,"{""status"":{""room_temp"":84}}"
1524128677631,"{""status"":{""operating_state"":""Off""}}"
1524131114450,"{""status"":{""room_temp"":83}}"
1524132279913,"{""status"":{""room_temp"":83}}"
1524132280020,"{""status"":{""operating_state"":""Off""}}"
1524141818236,"{""status"":{""room_temp"":80.5}}"
1524141818344,"{""status"":{""operating_state"":""Off""}}"
1524143020286,"{""status"":{""room_temp"":80.5}}"
1524143020511,"{""status"":{""operating_state"":""Off""}}"
1524143079701,"{""status"":{""room_temp"":80}}"
1524146607712,"{""status"":{""room_temp"":79}}"
1524150223493,"{""status"":{""room_temp"":78.5}}"
1524150223641,"{""status"":{""operating_state"":""Off""}}"
1524152643803,"{""status"":{""room_temp"":79}}"
1524153635716,"{""status"":{""room_temp"":79.5}}"
1524153635832,"{""status"":{""operating_state"":""Off""}}"
1524154251803,"{""status"":{""room_temp"":80}}"
1524196726281,"{""status"":{""room_temp"":87.5}}"
1524196726386,"{""status"":{""operating_state"":""Off""}}"
1524196996589,"{""status"":{""room_temp"":87.5}}"
1524196996807,"{""status"":{""operating_state"":""Off""}}"
1524197523678,"{""status"":{""room_temp"":87}}"
1524197523835,"{""status"":{""operating_state"":""Off""}}"
1524198196501,"{""status"":{""room_temp"":86}}"
1524200533722,"{""status"":{""room_temp"":85.5}}"
1524200533832,"{""status"":{""operating_state"":""Off""}}"
1524200656511,"{""status"":{""room_temp"":85}}"
1524203884681,"{""status"":{""room_temp"":84}}"
1524204287181,"{""status"":{""room_temp"":84}}"
1524204287294,"{""status"":{""operating_state"":""Off""}}"
1524207640668,"{""status"":{""room_temp"":83}}"
1524211221582,"{""status"":{""battery"":83}}"
1524211288665,"{""status"":{""room_temp"":82}}"
1524213880745,"{""status"":{""room_temp"":81}}"
1524215094264,"{""status"":{""room_temp"":81}}"
1524215094377,"{""status"":{""operating_state"":""Off""}}"
1524215347592,"{""status"":{""room_temp"":80.5}}"
1524215347796,"{""status"":{""operating_state"":""Off""}}"
1524218644445,"{""status"":{""room_temp"":80.5}}"
1524218644597,"{""status"":{""operating_state"":""Off""}}"
1524222266686,"{""status"":{""room_temp"":80.5}}"
1524222266798,"{""status"":{""operating_state"":""Off""}}"
1524224632848,"{""status"":{""room_temp"":80}}"
1524225868880,"{""status"":{""room_temp"":80}}"
1524225868992,"{""status"":{""operating_state"":""Off""}}"
1524229471045,"{""status"":{""room_temp"":79.5}}"
1524229471160,"{""status"":{""operating_state"":""Off""}}"
1524232276024,"{""status"":{""room_temp"":79}}"
1524233073404,"{""status"":{""room_temp"":79}}"
1524233073521,"{""status"":{""operating_state"":""Off""}}"
1524233292686,"{""status"":{""room_temp"":79.5}}"
1524233307063,"{""status"":{""mode"":""off"",""source"":""physical"",""hold_until"":""2018-04-20T18:08:27.049Z""}}"
1524233331390,"{""status"":{""room_temp"":84.5}}"
1524233339411,"{""status"":{""mode"":""heat"",""source"":""physical"",""hold_until"":""2018-04-20T18:08:59.398Z""}}"
1524233348341,"{""status"":{""heating_setpoint"":69,""source"":""physical"",""hold_until"":""2018-04-20T18:09:08.335Z""}}"
1524233367110,"{""status"":{""room_temp"":90}}"
1524233405010,"{""status"":{""room_temp"":89}}"
1524233441009,"{""status"":{""room_temp"":86.5}}"
1524233489012,"{""status"":{""room_temp"":84.5}}"
1524233525112,"{""status"":{""room_temp"":83.5}}"
1524233561012,"{""status"":{""room_temp"":82.5}}"
1524233633023,"{""status"":{""room_temp"":81.5}}"
1524233776056,"{""status"":{""room_temp"":80.5}}"
1524234316062,"{""status"":{""room_temp"":79.5}}"
1524236675481,"{""status"":{""room_temp"":79.5}}"
1524236675596,"{""status"":{""operating_state"":""Off""}}"
1524238541115,"{""status"":{""room_temp"":80.5}}"
1524239093068,"{""status"":{""room_temp"":81.5}}"
1524239633065,"{""status"":{""room_temp"":82.5}}"
1524481952837,"{""status"":{""room_temp"":88.5}}"
1524481952937,"{""status"":{""operating_state"":""Off""}}"
1524483304827,"{""status"":{""room_temp"":88.5}}"
1524483304928,"{""status"":{""operating_state"":""Off""}}"
1524732980996,"{""status"":{""room_temp"":81}}"
1524732981168,"{""status"":{""operating_state"":""Off""}}"
1524733152474,"{""status"":{""room_temp"":82.5}}"
1524733251534,"{""status"":{""room_temp"":83}}"
1524733251762,"{""status"":{""operating_state"":""Off""}}"
1524733512564,"{""status"":{""room_temp"":84.5}}"
1524734052523,"{""status"":{""room_temp"":85.5}}"
1524736620483,"{""status"":{""room_temp"":86.5}}"
1524736853870,"{""status"":{""room_temp"":86.5}}"
1524736854031,"{""status"":{""operating_state"":""Off""}}"
1524740456278,"{""status"":{""room_temp"":87}}"
1524740456392,"{""status"":{""operating_state"":""Off""}}"
1524742948654,"{""status"":{""room_temp"":87}}"
1524744265295,"{""status"":{""room_temp"":86.5}}"
1524744265530,"{""status"":{""operating_state"":""Off""}}"
1524747867080,"{""status"":{""room_temp"":86}}"
1524747867193,"{""status"":{""operating_state"":""Off""}}"
1524747985664,"{""status"":{""room_temp"":85.5}}"
1524748116652,"{""status"":{""room_temp"":84.5}}"
1524748356719,"{""status"":{""room_temp"":83.5}}"
1524748632655,"{""status"":{""room_temp"":82.5}}"
1524749400963,"{""status"":{""room_temp"":81.5}}"
1524749690693,"{""status"":{""mode"":""cool"",""source"":""cloud"",""occupant_id"":13,""hold_until"":""2018-04-26T17:34:50.683Z""}}"
1524749690820,"{""status"":{""cooling_setpoint"":78,""source"":""physical"",""hold_until"":""2018-04-26T17:34:50.810Z""}}"
1524750238297,"{""status"":{""mode"":""cool"",""source"":""cloud"",""occupant_id"":13,""hold_until"":""2018-04-26T17:43:58.290Z""}}"
1524750258199,"{""status"":{""mode"":""off"",""source"":""cloud"",""occupant_id"":13,""hold_until"":""2018-04-26T17:44:18.192Z""}}"
1524750338203,"{""status"":{""mode"":""cool"",""source"":""cloud"",""occupant_id"":13,""hold_until"":""2018-04-26T17:45:38.195Z""}}"
1524750370666,"{""status"":{""mode"":""cool"",""source"":""cloud"",""occupant_id"":13,""hold_until"":""2018-04-26T17:46:10.661Z""}}"
1524750370811,"{""status"":{""cooling_setpoint"":78,""source"":""physical"",""hold_until"":""2018-04-26T17:46:10.804Z""}}"
1524750428973,"{""status"":{""mode"":""cool"",""source"":""cloud"",""occupant_id"":13,""hold_until"":""2018-04-26T17:47:08.967Z""}}"
1524750429077,"{""status"":{""cooling_setpoint"":78,""source"":""physical"",""hold_until"":""2018-04-26T17:47:09.072Z""}}"
1524750513150,"{""status"":{""fan"":""on"",""source"":""cloud"",""occupant_id"":13,""hold_until"":""2018-04-26T17:48:33.144Z""}}"
1524750531380,"{""status"":{""mode"":""cool"",""source"":""cloud"",""occupant_id"":13,""hold_until"":""2018-04-26T17:48:51.374Z""}}"
1524750531463,"{""status"":{""cooling_setpoint"":78,""source"":""physical"",""hold_until"":""2018-04-26T17:48:51.457Z""}}"
1524750591819,"{""status"":{""mode"":""cool"",""source"":""cloud"",""occupant_id"":13,""hold_until"":""2018-04-26T17:49:51.813Z""}}"
1524750591965,"{""status"":{""cooling_setpoint"":78,""source"":""physical"",""hold_until"":""2018-04-26T17:49:51.960Z""}}"
1524750609191,"{""status"":{""mode"":""cool"",""source"":""cloud"",""occupant_id"":13,""hold_until"":""2018-04-26T17:50:09.183Z""}}"
1524750609337,"{""status"":{""cooling_setpoint"":78,""source"":""cloud"",""occupant_id"":13,""hold_until"":""2018-04-26T17:50:09.329Z""}}"
1524750622035,"{""status"":{""mode"":""off"",""source"":""cloud"",""occupant_id"":13,""hold_until"":""2018-04-26T17:50:22.029Z""}}"
1524750633741,"{""status"":{""mode"":""cool"",""source"":""cloud"",""occupant_id"":13,""hold_until"":""2018-04-26T17:50:33.735Z""}}"
1524750644071,"{""status"":{""mode"":""cool"",""source"":""cloud"",""occupant_id"":13,""hold_until"":""2018-04-26T17:50:44.065Z""}}"
1524750644260,"{""status"":{""cooling_setpoint"":78,""source"":""physical"",""hold_until"":""2018-04-26T17:50:44.254Z""}}"
1524750671252,"{""status"":{""mode"":""cool"",""source"":""cloud"",""occupant_id"":13,""hold_until"":""2018-04-26T17:51:11.246Z""}}"
1524750680016,"{""status"":{""fan"":""auto"",""source"":""cloud"",""occupant_id"":13,""hold_until"":""2018-04-26T17:51:20.010Z""}}"
1524750714987,"{""status"":{""mode"":""cool"",""source"":""cloud"",""occupant_id"":13,""hold_until"":""2018-04-26T17:51:54.982Z""}}"
1524750715151,"{""status"":{""cooling_setpoint"":78,""source"":""physical"",""hold_until"":""2018-04-26T17:51:55.146Z""}}"
1524750997111,"{""status"":{""mode"":""cool"",""source"":""cloud"",""occupant_id"":13,""hold_until"":""2018-04-26T17:56:37.105Z""}}"
1524750997208,"{""status"":{""cooling_setpoint"":78,""source"":""physical"",""hold_until"":""2018-04-26T17:56:37.197Z""}}"
1524751079075,"{""status"":{""mode"":""off"",""source"":""cloud"",""occupant_id"":13,""hold_until"":""2018-04-26T17:57:59.070Z""}}"
1524751080641,"{""status"":{""mode"":""cool"",""source"":""cloud"",""occupant_id"":13,""hold_until"":""2018-04-26T17:58:00.636Z""}}"
1524751107789,"{""status"":{""mode"":""cool"",""source"":""cloud"",""occupant_id"":13,""hold_until"":""2018-04-26T17:58:27.783Z""}}"
1524751109163,"{""status"":{""cooling_setpoint"":59,""source"":""cloud"",""occupant_id"":13,""hold_until"":""2018-04-26T17:58:29.157Z""}}"
1524751140497,"{""status"":{""mode"":""cool"",""source"":""cloud"",""occupant_id"":13,""hold_until"":""2018-04-26T17:59:00.492Z""}}"
1524751140626,"{""status"":{""cooling_setpoint"":59,""source"":""physical"",""hold_until"":""2018-04-26T17:59:00.621Z""}}"
1524751171029,"{""status"":{""mode"":""off"",""source"":""cloud"",""occupant_id"":13,""hold_until"":""2018-04-26T17:59:31.024Z""}}"
1524751177714,"{""status"":{""mode"":""cool"",""source"":""cloud"",""occupant_id"":13,""hold_until"":""2018-04-26T17:59:37.709Z""}}"
1524751191670,"{""status"":{""mode"":""cool"",""source"":""cloud"",""occupant_id"":13,""hold_until"":""2018-04-26T17:59:51.662Z""}}"
1524751191833,"{""status"":{""cooling_setpoint"":59,""source"":""physical"",""hold_until"":""2018-04-26T17:59:51.823Z""}}"
1524751197771,"{""status"":{""operating_state"":""Cooling""}}"
1524751205952,"{""status"":{""mode"":""cool"",""source"":""cloud"",""occupant_id"":13,""hold_until"":""2018-04-26T18:00:05.945Z""}}"
1524751206138,"{""status"":{""cooling_setpoint"":59,""source"":""physical"",""hold_until"":""2018-04-26T18:00:06.132Z""}}"
1524751217629,"{""status"":{""mode"":""cool"",""source"":""cloud"",""occupant_id"":13,""hold_until"":""2018-04-26T18:00:17.623Z""}}"
1524751217736,"{""status"":{""cooling_setpoint"":59,""source"":""physical"",""hold_until"":""2018-04-26T18:00:17.731Z""}}"
1524751356900,"{""status"":{""mode"":""cool"",""source"":""cloud"",""occupant_id"":13,""hold_until"":""2018-04-26T18:02:36.894Z""}}"
1524751356992,"{""status"":{""cooling_setpoint"":59,""source"":""physical"",""hold_until"":""2018-04-26T18:02:36.986Z""}}"
1524751378557,"{""status"":{""mode"":""cool"",""source"":""cloud"",""occupant_id"":13,""hold_until"":""2018-04-26T18:02:58.552Z""}}"
1524751378734,"{""status"":{""cooling_setpoint"":59,""source"":""physical"",""hold_until"":""2018-04-26T18:02:58.727Z""}}"
1524751402521,"{""status"":{""mode"":""heat"",""source"":""cloud"",""occupant_id"":13,""hold_until"":""2018-04-26T18:03:22.515Z""}}"
1524751402713,"{""status"":{""heating_setpoint"":69,""source"":""cloud"",""occupant_id"":13,""hold_until"":""2018-04-26T18:03:22.706Z""}}"
1524751412720,"{""status"":{""mode"":""heat"",""source"":""cloud"",""occupant_id"":13,""hold_until"":""2018-04-26T18:03:32.712Z""}}"
1524751412818,"{""status"":{""heating_setpoint"":69,""source"":""cloud"",""occupant_id"":13,""hold_until"":""2018-04-26T18:03:32.809Z""}}"
1524751413937,"{""status"":{""mode"":""heat"",""source"":""cloud"",""occupant_id"":13,""hold_until"":""2018-04-26T18:03:33.929Z""}}"
1524751414126,"{""status"":{""heating_setpoint"":69,""source"":""physical"",""hold_until"":""2018-04-26T18:03:34.117Z""}}"
1524751462722,"{""status"":{""mode"":""heat"",""source"":""cloud"",""occupant_id"":13,""hold_until"":""2018-04-26T18:04:22.715Z""}}"
1524751462945,"{""status"":{""heating_setpoint"":69,""source"":""physical"",""hold_until"":""2018-04-26T18:04:22.940Z""}}"
1524751468929,"{""status"":{""room_temp"":81.5}}"
1524751472183,"{""status"":{""operating_state"":""Off""}}"
1524751488869,"{""status"":{""mode"":""heat"",""source"":""cloud"",""occupant_id"":13,""hold_until"":""2018-04-26T18:04:48.864Z""}}"
1524751489115,"{""status"":{""heating_setpoint"":69,""source"":""physical"",""hold_until"":""2018-04-26T18:04:49.109Z""}}"
1524752003095,"{""status"":{""mode"":""heat"",""source"":""cloud"",""occupant_id"":13,""hold_until"":""2018-04-26T18:13:23.089Z""}}"
1524752003251,"{""status"":{""heating_setpoint"":70,""source"":""cloud"",""occupant_id"":13,""hold_until"":""2018-04-26T18:13:23.244Z""}}"
1524752017512,"{""status"":{""mode"":""heat"",""source"":""cloud"",""occupant_id"":13,""hold_until"":""2018-04-26T18:13:37.504Z""}}"
1524752017700,"{""status"":{""heating_setpoint"":70,""source"":""physical"",""hold_until"":""2018-04-26T18:13:37.695Z""}}"
1524752057841,"{""status"":{""mode"":""heat"",""source"":""cloud"",""occupant_id"":13,""hold_until"":""2018-04-26T18:14:17.834Z""}}"
1524752058035,"{""status"":{""heating_setpoint"":70,""source"":""physical"",""hold_until"":""2018-04-26T18:14:18.027Z""}}"
1524752065493,"{""status"":{""mode"":""heat"",""source"":""cloud"",""occupant_id"":13,""hold_until"":""2018-04-26T18:14:25.484Z""}}"
1524752065634,"{""status"":{""heating_setpoint"":70,""source"":""physical"",""hold_until"":""2018-04-26T18:14:25.626Z""}}"
1524752081908,"{""status"":{""mode"":""heat"",""source"":""cloud"",""occupant_id"":13,""hold_until"":""2018-04-26T18:14:41.900Z""}}"
1524752082004,"{""status"":{""heating_setpoint"":70,""source"":""physical"",""hold_until"":""2018-04-26T18:14:41.995Z""}}"
1524752092378,"{""status"":{""mode"":""heat"",""source"":""cloud"",""occupant_id"":13,""hold_until"":""2018-04-26T18:14:52.370Z""}}"
1524752092569,"{""status"":{""heating_setpoint"":70,""source"":""physical"",""hold_until"":""2018-04-26T18:14:52.560Z""}}"
1524752179987,"{""status"":{""mode"":""heat"",""source"":""cloud"",""occupant_id"":13,""hold_until"":""2018-04-26T18:16:19.970Z""}}"
1524752180161,"{""status"":{""heating_setpoint"":70,""source"":""physical"",""hold_until"":""2018-04-26T18:16:20.149Z""}}"
1524752196811,"{""status"":{""operating_state"":""Off""}}"
1524752196944,"{""status"":{""room_temp"":80.5}}"
1524752200617,"{""status"":{""mode"":""heat"",""source"":""cloud"",""occupant_id"":13,""hold_until"":""2018-04-26T18:16:40.609Z""}}"
1524752200711,"{""status"":{""heating_setpoint"":70,""source"":""physical"",""hold_until"":""2018-04-26T18:16:40.704Z""}}"
1524752362118,"{""status"":{""mode"":""off"",""source"":""cloud"",""occupant_id"":13,""hold_until"":""2018-04-26T18:19:22.101Z""}}"
1524752393488,"{""status"":{""mode"":""cool"",""source"":""cloud"",""occupant_id"":13,""hold_until"":""2018-04-26T18:19:53.481Z""}}"
1524752465681,"{""status"":{""operating_state"":""On""}}"
1524752479651,"{""status"":{""mode"":""cool"",""source"":""cloud"",""occupant_id"":13,""hold_until"":""2018-04-26T18:21:19.644Z""}}"
1524752479794,"{""status"":{""cooling_setpoint"":59,""source"":""physical"",""hold_until"":""2018-04-26T18:21:19.786Z""}}"
1524752496566,"{""status"":{""mode"":""cool"",""source"":""cloud"",""occupant_id"":13,""hold_until"":""2018-04-26T18:21:36.556Z""}}"
1524752496722,"{""status"":{""cooling_setpoint"":59,""source"":""physical"",""hold_until"":""2018-04-26T18:21:36.715Z""}}"
1524752519042,"{""status"":{""mode"":""cool"",""source"":""cloud"",""occupant_id"":13,""hold_until"":""2018-04-26T18:21:59.035Z""}}"
1524752519200,"{""status"":{""cooling_setpoint"":59,""source"":""physical"",""hold_until"":""2018-04-26T18:21:59.195Z""}}"
1524752669584,"{""status"":{""mode"":""cool"",""source"":""cloud"",""occupant_id"":13,""hold_until"":""2018-04-26T18:24:29.578Z""}}"
1524752669662,"{""status"":{""cooling_setpoint"":59,""source"":""physical"",""hold_until"":""2018-04-26T18:24:29.657Z""}}"
1524752688748,"{""status"":{""operating_state"":""Cooling""}}"
1524752688873,"{""status"":{""room_temp"":82.5}}"
1524752759698,"{""status"":{""mode"":""cool"",""source"":""cloud"",""occupant_id"":13,""hold_until"":""2018-04-26T18:25:59.692Z""}}"
1524752759841,"{""status"":{""cooling_setpoint"":59,""source"":""physical"",""hold_until"":""2018-04-26T18:25:59.834Z""}}"
1524752778378,"{""status"":{""room_temp"":82}}"
1524752790211,"{""status"":{""mode"":""cool"",""source"":""cloud"",""occupant_id"":13,""hold_until"":""2018-04-26T18:26:30.206Z""}}"
1524752790291,"{""status"":{""cooling_setpoint"":59,""source"":""physical"",""hold_until"":""2018-04-26T18:26:30.285Z""}}"
1524752806619,"{""status"":{""mode"":""cool"",""source"":""cloud"",""occupant_id"":13,""hold_until"":""2018-04-26T18:26:46.614Z""}}"
1524752806696,"{""status"":{""cooling_setpoint"":59,""source"":""physical"",""hold_until"":""2018-04-26T18:26:46.690Z""}}"
1524752820788,"{""status"":{""room_temp"":81.5}}"
1524752884493,"{""status"":{""room_temp"":81}}"
1524752963976,"{""status"":{""room_temp"":82.5}}"
1524752978307,"{""status"":{""mode"":""cool"",""source"":""cloud"",""occupant_id"":13,""hold_until"":""2018-04-26T18:29:38.298Z""}}"
1524752978385,"{""status"":{""cooling_setpoint"":59,""source"":""cloud"",""occupant_id"":13,""hold_until"":""2018-04-26T18:29:38.377Z""}}"
1524752993847,"{""status"":{""mode"":""cool"",""source"":""cloud"",""occupant_id"":13,""hold_until"":""2018-04-26T18:29:53.841Z""}}"
1524752993979,"{""status"":{""cooling_setpoint"":59,""source"":""physical"",""hold_until"":""2018-04-26T18:29:53.973Z""}}"
1524753048788,"{""status"":{""room_temp"":81.5}}"
1524753051691,"{""status"":{""fan"":""on"",""source"":""cloud"",""occupant_id"":13,""hold_until"":""2018-04-26T18:30:51.677Z""}}"
1524753057362,"{""status"":{""mode"":""cool"",""source"":""cloud"",""occupant_id"":13,""hold_until"":""2018-04-26T18:30:57.356Z""}}"
1524753057462,"{""status"":{""cooling_setpoint"":59,""source"":""physical"",""hold_until"":""2018-04-26T18:30:57.452Z""}}"
1524753076196,"{""status"":{""fan"":""auto"",""source"":""cloud"",""occupant_id"":13,""hold_until"":""2018-04-26T18:31:16.189Z""}}"
1524753077609,"{""status"":{""fan"":""on"",""source"":""cloud"",""occupant_id"":13,""hold_until"":""2018-04-26T18:31:17.597Z""}}"
1524753086310,"{""status"":{""mode"":""heat"",""source"":""cloud"",""occupant_id"":13,""hold_until"":""2018-04-26T18:31:26.301Z""}}"
1524753086470,"{""status"":{""heating_setpoint"":70,""source"":""cloud"",""occupant_id"":13,""hold_until"":""2018-04-26T18:31:26.460Z""}}"
1524753133018,"{""status"":{""mode"":""cool"",""source"":""cloud"",""occupant_id"":13,""hold_until"":""2018-04-26T18:32:13.012Z""}}"
1524753133119,"{""status"":{""cooling_setpoint"":59,""source"":""cloud"",""occupant_id"":13,""hold_until"":""2018-04-26T18:32:13.107Z""}}"
1524753155599,"{""status"":{""mode"":""heat"",""source"":""cloud"",""occupant_id"":13,""hold_until"":""2018-04-26T18:32:35.591Z""}}"
1524753155726,"{""status"":{""heating_setpoint"":70,""source"":""cloud"",""occupant_id"":13,""hold_until"":""2018-04-26T18:32:35.721Z""}}"
1524753167523,"{""status"":{""mode"":""heat"",""source"":""cloud"",""occupant_id"":13,""hold_until"":""2018-04-26T18:32:47.517Z""}}"
1524753167713,"{""status"":{""heating_setpoint"":70,""source"":""physical"",""hold_until"":""2018-04-26T18:32:47.707Z""}}"
1524753185353,"{""status"":{""mode"":""heat"",""source"":""cloud"",""occupant_id"":13,""hold_until"":""2018-04-26T18:33:05.345Z""}}"
1524753185526,"{""status"":{""heating_setpoint"":70,""source"":""physical"",""hold_until"":""2018-04-26T18:33:05.520Z""}}"
1524753210326,"{""status"":{""mode"":""heat"",""source"":""cloud"",""occupant_id"":13,""hold_until"":""2018-04-26T18:33:30.316Z""}}"
1524753210530,"{""status"":{""heating_setpoint"":70,""source"":""physical"",""hold_until"":""2018-04-26T18:33:30.524Z""}}"
1524753264029,"{""status"":{""mode"":""heat"",""source"":""cloud"",""occupant_id"":13,""hold_until"":""2018-04-26T18:34:24.023Z""}}"
1524753264130,"{""status"":{""heating_setpoint"":70,""source"":""physical"",""hold_until"":""2018-04-26T18:34:24.125Z""}}"
1524753274401,"{""status"":{""mode"":""heat"",""source"":""cloud"",""occupant_id"":13,""hold_until"":""2018-04-26T18:34:34.395Z""}}"
1524753274574,"{""status"":{""heating_setpoint"":70,""source"":""physical"",""hold_until"":""2018-04-26T18:34:34.568Z""}}"
1524753301628,"{""status"":{""mode"":""heat"",""source"":""cloud"",""occupant_id"":13,""hold_until"":""2018-04-26T18:35:01.620Z""}}"
1524753301707,"{""status"":{""heating_setpoint"":70,""source"":""physical"",""hold_until"":""2018-04-26T18:35:01.699Z""}}"
1524753346232,"{""status"":{""mode"":""heat"",""source"":""cloud"",""occupant_id"":13,""hold_until"":""2018-04-26T18:35:46.225Z""}}"
1524753346326,"{""status"":{""heating_setpoint"":70,""source"":""physical"",""hold_until"":""2018-04-26T18:35:46.320Z""}}"
1524753462022,"{""status"":{""mode"":""heat"",""source"":""cloud"",""occupant_id"":13,""hold_until"":""2018-04-26T18:37:42.016Z""}}"
1524753462274,"{""status"":{""heating_setpoint"":70,""source"":""physical"",""hold_until"":""2018-04-26T18:37:42.268Z""}}"
1524753480671,"{""status"":{""mode"":""heat"",""source"":""cloud"",""occupant_id"":13,""hold_until"":""2018-04-26T18:38:00.666Z""}}"
1524753480786,"{""status"":{""heating_setpoint"":70,""source"":""physical"",""hold_until"":""2018-04-26T18:38:00.779Z""}}"
1524753508735,"{""status"":{""mode"":""heat"",""source"":""cloud"",""occupant_id"":13,""hold_until"":""2018-04-26T18:38:28.729Z""}}"
1524753508947,"{""status"":{""heating_setpoint"":70,""source"":""physical"",""hold_until"":""2018-04-26T18:38:28.941Z""}}"
1524753588743,"{""status"":{""operating_state"":""Off""}}"
1524753588810,"{""status"":{""room_temp"":80.5}}"
1524754008743,"{""status"":{""room_temp"":79.5}}"
1524754583744,"{""status"":{""room_temp"":78.5}}"
1524755070611,"{""status"":{""room_temp"":78.5}}"
1524755070771,"{""status"":{""operating_state"":""Off""}}"
1524755603745,"{""status"":{""room_temp"":77.5}}"
1524757703843,"{""status"":{""room_temp"":76.5}}"
1524758515791,"{""status"":{""room_temp"":76.5}}"
1524758515903,"{""status"":{""operating_state"":""Off""}}"
1524759216851,"{""status"":{""room_temp"":77.5}}"
1524762458459,"{""status"":{""room_temp"":79}}"
1524762458565,"{""status"":{""operating_state"":""Off""}}"
1524762696941,"{""status"":{""room_temp"":79.5}}"
1524765732918,"{""status"":{""room_temp"":80.5}}"
1524769362318,"{""status"":{""room_temp"":80.5}}"
1524769362418,"{""status"":{""operating_state"":""Off""}}"
1524772964064,"{""status"":{""room_temp"":80.5}}"
1524772964251,"{""status"":{""operating_state"":""Off""}}"
1524776566046,"{""status"":{""room_temp"":81}}"
1524776566295,"{""status"":{""operating_state"":""Off""}}"
1524779893161,"{""status"":{""room_temp"":81.5}}"
1524780167709,"{""status"":{""room_temp"":81.5}}"
1524780167900,"{""status"":{""operating_state"":""Off""}}"
1524783769766,"{""status"":{""room_temp"":81.5}}"
1524783769877,"{""status"":{""operating_state"":""Off""}}"
1524787299372,"{""status"":{""room_temp"":81.5}}"
1524787299485,"{""status"":{""operating_state"":""Off""}}"
1524800617497,"{""status"":{""room_temp"":82.5}}"
1524800617583,"{""status"":{""operating_state"":""Off""}}"
1524801812350,"{""status"":{""room_temp"":82.5}}"
1524801812541,"{""status"":{""operating_state"":""Off""}}"
1524802357474,"{""status"":{""room_temp"":81.5}}"
1524803113473,"{""status"":{""room_temp"":80.5}}"
1524805414297,"{""status"":{""room_temp"":79.5}}"
1524805414466,"{""status"":{""operating_state"":""Off""}}"
1524805489477,"{""status"":{""room_temp"":79}}"
1524809016224,"{""status"":{""room_temp"":78.5}}"
1524809016336,"{""status"":{""operating_state"":""Off""}}"
1524812618051,"{""status"":{""room_temp"":79.5}}"
1524812618162,"{""status"":{""operating_state"":""Off""}}"
1524816039779,"{""status"":{""battery"":78}}"
1524816220033,"{""status"":{""room_temp"":79.5}}"
1524816220147,"{""status"":{""operating_state"":""Off""}}"
1524819821988,"{""status"":{""room_temp"":79.5}}"
1524819822146,"{""status"":{""operating_state"":""Off""}}"
1524823424075,"{""status"":{""room_temp"":79.5}}"
1524823424185,"{""status"":{""operating_state"":""Off""}}"
1524827025766,"{""status"":{""room_temp"":79}}"
1524827025874,"{""status"":{""operating_state"":""Off""}}"
1524830627808,"{""status"":{""room_temp"":78.5}}"
1524830627919,"{""status"":{""operating_state"":""Off""}}"
1524834229599,"{""status"":{""room_temp"":78.5}}"
1524834229708,"{""status"":{""operating_state"":""Off""}}"
1524837831429,"{""status"":{""room_temp"":78.5}}"
1524837831539,"{""status"":{""operating_state"":""Off""}}"
1524839858051,"{""status"":{""room_temp"":78}}"
1524841434462,"{""status"":{""room_temp"":78}}"
1524841434654,"{""status"":{""operating_state"":""Off""}}"
1524844945593,"{""status"":{""room_temp"":77.5}}"
1524844945709,"{""status"":{""operating_state"":""Off""}}"
1524849340824,"{""status"":{""room_temp"":79.5}}"
1524849340963,"{""status"":{""operating_state"":""Off""}}"
1524850214189,"{""status"":{""room_temp"":80}}"
1524852012558,"{""status"":{""room_temp"":80}}"
1524852012669,"{""status"":{""operating_state"":""Off""}}"
1524855614504,"{""status"":{""room_temp"":80.5}}"
1524855614613,"{""status"":{""operating_state"":""Off""}}"
1524858854333,"{""status"":{""room_temp"":81}}"
1524859216284,"{""status"":{""room_temp"":81}}"
1524859216400,"{""status"":{""operating_state"":""Off""}}"
1524862819116,"{""status"":{""room_temp"":81}}"
1524862819228,"{""status"":{""operating_state"":""Off""}}"
1524866419874,"{""status"":{""room_temp"":81.5}}"
1524866420031,"{""status"":{""operating_state"":""Off""}}"
1524868645429,"{""status"":{""room_temp"":82}}"
1524870021701,"{""status"":{""room_temp"":82}}"
1524870021885,"{""status"":{""operating_state"":""Off""}}"
1524873731649,"{""status"":{""room_temp"":82.5}}"
1524873731758,"{""status"":{""operating_state"":""Off""}}"
1524892007109,"{""status"":{""room_temp"":83.5}}"
1524892007245,"{""status"":{""operating_state"":""Off""}}"
1524895303599,"{""status"":{""room_temp"":83.5}}"
1524895303757,"{""status"":{""operating_state"":""Off""}}"
1524896369817,"{""status"":{""room_temp"":84}}"
1524898905492,"{""status"":{""room_temp"":84}}"
1524898905649,"{""status"":{""operating_state"":""Off""}}"
1524902507345,"{""status"":{""room_temp"":84.5}}"
1524902507457,"{""status"":{""operating_state"":""Off""}}"
1524904707993,"{""status"":{""room_temp"":85}}"
1524905798980,"{""status"":{""room_temp"":84}}"
1524906109494,"{""status"":{""room_temp"":84}}"
1524906109774,"{""status"":{""operating_state"":""Off""}}"
1524907298980,"{""status"":{""room_temp"":83}}"
1524908391074,"{""status"":{""room_temp"":82}}"
1524909711259,"{""status"":{""room_temp"":81.5}}"
1524909711478,"{""status"":{""operating_state"":""Off""}}"
1524909963067,"{""status"":{""room_temp"":81}}"
1524912231103,"{""status"":{""room_temp"":80}}"
1524913313134,"{""status"":{""room_temp"":80}}"
1524913313242,"{""status"":{""operating_state"":""Off""}}"
1524914715071,"{""status"":{""room_temp"":79}}"
1524916915168,"{""status"":{""room_temp"":78.5}}"
1524916915327,"{""status"":{""operating_state"":""Off""}}"
1524917763195,"{""status"":{""room_temp"":78}}"
1524920516906,"{""status"":{""room_temp"":77.5}}"
1524920517129,"{""status"":{""operating_state"":""Off""}}"
1524924118745,"{""status"":{""room_temp"":77.5}}"
1524924118856,"{""status"":{""operating_state"":""Off""}}"
1524927651282,"{""status"":{""room_temp"":79}}"
1524930039452,"{""status"":{""room_temp"":80}}"
1524931322410,"{""status"":{""room_temp"":80}}"
1524931322631,"{""status"":{""operating_state"":""Off""}}"
1524933411425,"{""status"":{""room_temp"":81}}"
1524934923980,"{""status"":{""room_temp"":81}}"
1524934924164,"{""status"":{""operating_state"":""Off""}}"
1524937046409,"{""status"":{""room_temp"":82}}"
1524938525801,"{""status"":{""room_temp"":82}}"
1524938525910,"{""status"":{""operating_state"":""Off""}}"
1524940766566,"{""status"":{""room_temp"":83}}"
1524942127426,"{""status"":{""room_temp"":83}}"
1524942127562,"{""status"":{""operating_state"":""Off""}}"
1524944091568,"{""status"":{""room_temp"":84}}"
1524945729295,"{""status"":{""room_temp"":84}}"
1524945729516,"{""status"":{""operating_state"":""Off""}}"
1524948903646,"{""status"":{""room_temp"":85}}"
1524949330868,"{""status"":{""room_temp"":85}}"
1524949331231,"{""status"":{""operating_state"":""Off""}}"
1524952851774,"{""status"":{""room_temp"":86}}"
1524956534442,"{""status"":{""room_temp"":86}}"
1524956534597,"{""status"":{""operating_state"":""Off""}}"
1524960136099,"{""status"":{""room_temp"":86.5}}"
1524960136210,"{""status"":{""operating_state"":""Off""}}"
1524961659852,"{""status"":{""room_temp"":87}}"
1524963737970,"{""status"":{""room_temp"":87}}"
1524963738083,"{""status"":{""operating_state"":""Off""}}"
1524967339838,"{""status"":{""room_temp"":87.5}}"
1524967339950,"{""status"":{""operating_state"":""Off""}}"
1524970941501,"{""status"":{""room_temp"":88}}"
1524970941692,"{""status"":{""operating_state"":""Off""}}"
1524974403974,"{""status"":{""room_temp"":88.5}}"
1524978145006,"{""status"":{""room_temp"":88.5}}"
1524978145161,"{""status"":{""operating_state"":""Off""}}"
1524981747896,"{""status"":{""room_temp"":89}}"
1524981748009,"{""status"":{""operating_state"":""Off""}}"
1524983487275,"{""status"":{""room_temp"":89.5}}"
1524985348437,"{""status"":{""room_temp"":89.5}}"
1524985348660,"{""status"":{""operating_state"":""Off""}}"
1524988950299,"{""status"":{""room_temp"":89.5}}"
1524988950413,"{""status"":{""operating_state"":""Off""}}"
